[
  {
    "index": 9991,
    "id": "9e3e1113994-a3ed-47ca-a014-d4483884cfe2",
    "featuredImage": "https://images.unsplash.com/photo-1440778303588-435521a205bc?ixid=MnwxMjA3fDB8MHxwaG90by1wYWdlfHx8fGVufDB8fHx8&ixlib=rb-1.2.1&auto=format&fit=crop&w=1950&q=80",
    "title": "Lenovo’s smarter devices stoke  ",
    "desc": "Aenean lectus. Pellentesque eget nunc. Donec quis orci eget orci vehicula condimentum.",
    "date": "May 20, 2021",
    "href": "/single-video/this-is-single-slug",
    "commentCount": 11,
    "viewdCount": 2504,
    "readingTime": 2,
    "bookmark": { "count": 3007, "isBookmarked": false },
    "like": { "count": 3366, "isLiked": true },
    "authorId": 3,
    "categoriesId": [3, 12],
    "postType": "video",
    "videoUrl": "https://www.youtube.com/watch?v=nOQyWbPO2Ds"
  },
  {
    "index": 212122,
    "id": "af2121292a665-4a4d-4cff-9e17-89456df21fb5",
    "featuredImage": "https://images.unsplash.com/photo-1489753735160-2cbf3d9006d4?ixlib=rb-1.2.1&ixid=MnwxMjA3fDB8MHxwaG90by1wYWdlfHx8fGVufDB8fHx8&auto=format&fit=crop&w=1050&q=80",
    "title": "How AI and Teams are benefitting ",
    "desc": "In sagittis dui vel nisl. Duis ac nibh. Fusce lacus purus, aliquet at, feugiat non, pretium quis, lectus.",
    "date": "May 20, 2021",
    "href": "/single-video/this-is-single-slug",
    "commentCount": 13,
    "viewdCount": 1646,
    "readingTime": 5,
    "bookmark": { "count": 3751, "isBookmarked": false },
    "like": { "count": 3024, "isLiked": false },
    "authorId": 4,
    "categoriesId": [4, 13],
    "postType": "video",
    "videoUrl": "https://www.youtube.com/watch?v=nOQyWbPO2Ds"
  },
  {
    "index": 11113,
    "id": "111dffe0224-ebff-4803-bb66-e8d128656284",
    "featuredImage": "https://images.unsplash.com/photo-1418854982207-12f710b74003?ixid=MnwxMjA3fDB8MHxwaG90by1wYWdlfHx8fGVufDB8fHx8&ixlib=rb-1.2.1&auto=format&fit=crop&w=1000&q=80",
    "title": "DIYer and TV host Trisha ",
    "desc": "Integer tincidunt ante vel ipsum. Praesent blandit lacinia erat. Vestibulum sed magna at nunc commodo placerat.",
    "date": "May 20, 2021",
    "href": "/single-video/this-is-single-slug",
    "commentCount": 33,
    "viewdCount": 4031,
    "readingTime": 2,
    "bookmark": { "count": 76, "isBookmarked": false },
    "like": { "count": 222, "isLiked": false },
    "authorId": 4,
    "categoriesId": [4, 13],
    "postType": "video",
    "videoUrl": "https://www.youtube.com/watch?v=nOQyWbPO2Ds"
  },
  {
    "index": 2121214,
    "id": "5a21212c7cb90-4694-42e8-8883-16372711eaa8",
    "featuredImage": "https://images.unsplash.com/photo-1581610489881-f316ffcf0424?ixid=MnwxMjA3fDB8MHxwaG90by1wYWdlfHx8fGVufDB8fHx8&ixlib=rb-1.2.1&auto=format&fit=crop&w=1000&q=80",
    "title": "New tools for Black ",
    "desc": "Fusce consequat. Nulla nisl. Nunc nisl.",
    "date": "May 20, 2021",
    "href": "/single-video/this-is-single-slug",
    "commentCount": 49,
    "viewdCount": 1632,
    "readingTime": 6,
    "bookmark": { "count": 264, "isBookmarked": true },
    "like": { "count": 3735, "isLiked": true },
    "authorId": 5,
    "categoriesId": [5, 14],
    "postType": "video",
    "videoUrl": "https://www.youtube.com/watch?v=nOQyWbPO2Ds"
  },
  {
    "index": 2121215,
    "id": "f821212a8455-3a14-21214af9-b6d2-ac6cd74e007c",
    "featuredImage": "https://images.unsplash.com/photo-1448518340475-e3c680e9b4be?ixlib=rb-1.2.1&ixid=MnwxMjA3fDB8MHxwaG90by1wYWdlfHx8fGVufDB8fHx8&auto=format&fit=crop&w=1951&q=80",
    "title": "People who inspired us ",
    "desc": "Aliquam quis turpis eget elit sodales scelerisque. Mauris sit amet eros. Suspendisse accumsan tortor quis turpis.",
    "date": "May 20, 2021",
    "href": "/single-video/this-is-single-slug",
    "commentCount": 9,
    "viewdCount": 3338,
    "readingTime": 5,
    "bookmark": { "count": 733, "isBookmarked": false },
    "like": { "count": 3569, "isLiked": true },
    "authorId": 10,
    "categoriesId": [10, 19],
    "postType": "video",
    "videoUrl": "https://www.youtube.com/watch?v=nOQyWbPO2Ds"
  },
  {
    "index": 21212126,
    "id": "54c11c9212122-049f-4353-8cdb-f7ec70d3ae75",
    "featuredImage": "https://images.pexels.com/photos/4397925/pexels-photo-4397925.jpeg?auto=compress&cs=tinysrgb&dpr=2&h=750&w=1260",
    "title": "How architects visualize design ",
    "desc": "Phasellus sit amet erat. Nulla tempus. Vivamus in felis eu sapien cursus vestibulum.",
    "date": "May 20, 2021",
    "href": "/single-video/this-is-single-slug",
    "commentCount": 13,
    "viewdCount": 4475,
    "readingTime": 2,
    "bookmark": { "count": 199, "isBookmarked": false },
    "like": { "count": 3052, "isLiked": true },
    "authorId": 9,
    "categoriesId": [9, 18],
    "postType": "video",
    "videoUrl": "https://www.youtube.com/watch?v=nOQyWbPO2Ds"
  },
  {
    "index": 212172121,
    "id": "1c40aa2121af-0021177-4f54-9b34-e90d95e17c7e",
    "featuredImage": "https://images.unsplash.com/photo-1518609878373-06d740f60d8b?ixid=MnwxMjA3fDB8MHxwaG90by1wYWdlfHx8fGVufDB8fHx8&ixlib=rb-1.2.1&auto=format&fit=crop&w=1000&q=80",
    "title": "Take a 3D tour through ",
    "desc": "Vestibulum ac est lacinia nisi venenatis tristique. Fusce congue, diam id ornare imperdiet, sapien urna pretium nisl, ut volutpat sapien arcu sed augue. Aliquam erat volutpat.",
    "date": "May 20, 2021",
    "href": "/single-video/this-is-single-slug",
    "commentCount": 20,
    "viewdCount": 2714,
    "readingTime": 4,
    "bookmark": { "count": 1321, "isBookmarked": true },
    "like": { "count": 3309, "isLiked": true },
    "authorId": 2,
    "categoriesId": [2, 11],
    "postType": "video",
    "videoUrl": "https://www.youtube.com/watch?v=nOQyWbPO2Ds"
  },
  {
    "index": 212821212,
    "id": "9f172139eb-21218f00-4c99-97f4-63544b6a2d12",
    "featuredImage": "https://images.unsplash.com/photo-1504992963429-56f2d62fbff0?ixid=MnwxMjA3fDB8MHxzZWFyY2h8ODN8fHRlY2hub2xvZ3l8ZW58MHx8MHx8&ixlib=rb-1.2.1&auto=format&fit=crop&w=1000&q=80",
    "title": "Mind games: How gaming can play",
    "desc": "Duis bibendum, felis sed interdum venenatis, turpis enim blandit mi, in porttitor pede justo eu massa. Donec dapibus. Duis at velit eu est congue elementum.",
    "date": "May 20, 2021",
    "href": "/single-video/this-is-single-slug",
    "commentCount": 18,
    "viewdCount": 3800,
    "readingTime": 5,
    "bookmark": { "count": 1168, "isBookmarked": false },
    "like": { "count": 1255, "isLiked": true },
    "authorId": 4,
    "categoriesId": [4, 13],
    "postType": "video",
    "videoUrl": "https://www.youtube.com/watch?v=nOQyWbPO2Ds"
  },
  {
    "index": 212129,
    "id": "0991ab0b-696f-4d7f-2121afe7-9c624eb8c050",
    "featuredImage": "https://images.unsplash.com/photo-1465310477141-6fb93167a273?ixlib=rb-1.2.1&ixid=MnwxMjA3fDB8MHxwaG90by1wYWdlfHx8fGVufDB8fHx8&auto=format&fit=crop&w=1950&q=80",
    "title": "Microsoft announces a five-year ",
    "desc": "Duis bibendum. Morbi non quam nec dui luctus rutrum. Nulla tellus.",
    "date": "May 20, 2021",
    "href": "/single-video/this-is-single-slug",
    "commentCount": 19,
    "viewdCount": 4515,
    "readingTime": 3,
    "bookmark": { "count": 3463, "isBookmarked": true },
    "like": { "count": 2586, "isLiked": false },
    "authorId": 9,
    "categoriesId": [9, 18],
    "postType": "video",
    "videoUrl": "https://www.youtube.com/watch?v=nOQyWbPO2Ds"
  },
  {
    "index": 121210,
    "id": "eae0e8wq5d-db11-44fa-ac32-6c192fwqw687e0c",
    "featuredImage": "https://images.unsplash.com/photo-1581122584612-713f89daa8eb?ixid=MnwxMjA3fDB8MHxwaG90by1yZWxhdGVkfDIwfHx8ZW58MHx8fHw%3D&ixlib=rb-1.2.1&auto=format&fit=crop&w=1000&q=80",
    "title": "360-degree video: How Microsoft deployed n",
    "desc": "We’re an online magazine dedicated to covering the best in international product design. We started as a little blog back in 2002 covering student work and over time",
    "date": "May 20, 2021",
    "href": "/single-video/this-is-single-slug",
    "commentCount": 14,
    "viewdCount": 2378,
    "readingTime": 6,
    "bookmark": { "count": 3502, "isBookmarked": false },
    "like": { "count": 773, "isLiked": true },
    "authorId": 9,
    "categoriesId": [9, 18],
    "postType": "video",
    "videoUrl": "https://www.youtube.com/watch?v=nOQyWbPO2Ds"
  },
  {
    "index": 2323211,
    "id": "10f85e328a-a75a-432385a-a1af-7555193fae1a",
    "featuredImage": "https://images.unsplash.com/photo-1606490114832-d41056bdca34?ixid=MnwxMjA3fDB8MHxzZWFyY2h8MzY1fHxnYW1pbmd8ZW58MHx8MHx8&ixlib=rb-1.2.1&auto=format&fit=crop&w=1000&q=80",
    "title": "To cool datacenter servers",
    "desc": "Nam ultrices, libero non mattis pulvinar, nulla pede ullamcorper augue, a suscipit nulla elit ac nulla. Sed vel enim sit amet nunc viverra dapibus. Nulla suscipit ligula in lacus.",
    "date": "May 20, 2021",
    "href": "/single-video/this-is-single-slug",
    "commentCount": 39,
    "viewdCount": 1460,
    "readingTime": 3,
    "bookmark": { "count": 732, "isBookmarked": false },
    "like": { "count": 1917, "isLiked": false },
    "authorId": 3,
    "categoriesId": [3, 12],
    "postType": "video",
    "videoUrl": "https://www.youtube.com/watch?v=nOQyWbPO2Ds"
  },
  {
    "index": 23232112,
    "id": "f92421ccfb-2122622-497d-8072-df373c73cbaa",
    "featuredImage": "https://images.unsplash.com/photo-1587381420844-7bc5f4feec02?ixid=MnwxMjA3fDB8MHxwaG90by1wYWdlfHx8fGVufDB8fHx8&ixlib=rb-1.2.1&auto=format&fit=crop&w=1000&q=80",
    "title": "Xbox connects people to help ",
    "desc": "Aenean lectus. Pellentesque eget nunc. Donec quis orci eget orci vehicula condimentum.",
    "date": "May 20, 2021",
    "href": "/single-video/this-is-single-slug",
    "commentCount": 2,
    "viewdCount": 3418,
    "readingTime": 7,
    "bookmark": { "count": 1502, "isBookmarked": false },
    "like": { "count": 913, "isLiked": false },
    "authorId": 9,
    "categoriesId": [9, 18],
    "postType": "video",
    "videoUrl": "https://www.youtube.com/watch?v=nOQyWbPO2Ds"
  },
  {
    "index": 212113,
    "id": "6fa9d0b2-d48b-48f3-b821262-cb38a4b6c755",
    "featuredImage": "https://images.unsplash.com/photo-1576500714954-8a687d0ea1ef?ixlib=rb-1.2.1&ixid=MnwxMjA3fDB8MHxwaG90by1wYWdlfHx8fGVufDB8fHx8&auto=format&fit=crop&w=1000&q=80",
    "title": "Unusual ‘machine in the woods’",
    "desc": "In hac habitasse platea dictumst. Etiam faucibus cursus urna. Ut tellus.",
    "date": "May 20, 2021",
    "href": "/single-video/this-is-single-slug",
    "commentCount": 5,
    "viewdCount": 3894,
    "readingTime": 4,
    "bookmark": { "count": 3384, "isBookmarked": true },
    "like": { "count": 1731, "isLiked": false },
    "authorId": 10,
    "categoriesId": [10, 19],
    "postType": "video",
    "videoUrl": "https://www.youtube.com/watch?v=nOQyWbPO2Ds"
  },
  {
    "index": 21142121,
    "id": "95de2121511921-776e-4c7f-9ff3-5248221f9a2081",
    "featuredImage": "https://images.unsplash.com/photo-1501785888041-af3ef285b470?ixid=MnwxMjA3fDB8MHxwaG90by1wYWdlfHx8fGVufDB8fHx8&ixlib=rb-1.2.1&auto=format&fit=crop&w=1000&q=80",
    "title": "WNBA’s Sabrina Ionescu teams up ",
    "desc": "In hac habitasse platea dictumst. Etiam faucibus cursus urna. Ut tellus.",
    "date": "May 20, 2021",
    "href": "/single-video/this-is-single-slug",
    "commentCount": 27,
    "viewdCount": 1038,
    "readingTime": 4,
    "bookmark": { "count": 3818, "isBookmarked": false },
    "like": { "count": 1160, "isLiked": false },
    "authorId": 2,
    "categoriesId": [2, 11],
    "postType": "video",
    "videoUrl": "https://www.youtube.com/watch?v=nOQyWbPO2Ds"
  },
  {
    "index": 2123215,
    "id": "499ea21541-521d70-4978-218b41-eeb3987024bd",
    "featuredImage": "https://images.unsplash.com/photo-1571435763834-4d6fbb550bb7?ixlib=rb-1.2.1&ixid=MnwxMjA3fDB8MHxwaG90by1wYWdlfHx8fGVufDB8fHx8&auto=format&fit=crop&w=1000&q=80",
    "title": "New tools and advocacy support Black",
    "desc": "In sagittis dui vel nisl. Duis ac nibh. Fusce lacus purus, aliquet at, feugiat non, pretium quis, lectus.",
    "date": "May 20, 2021",
    "href": "/single-video/this-is-single-slug",
    "commentCount": 3,
    "viewdCount": 584,
    "readingTime": 5,
    "bookmark": { "count": 1308, "isBookmarked": false },
    "like": { "count": 2182, "isLiked": false },
    "authorId": 3,
    "categoriesId": [3, 12],
    "postType": "video",
    "videoUrl": "https://www.youtube.com/watch?v=nOQyWbPO2Ds"
  }
]
